Model,Faith_Mean,Faith_SD,Faith_SEM,Relev_Mean,Relev_SD,Relev_SEM
GPT-OSS 120B,0.8238325,0.09128348451966889,0.020411607660902935,0.5638124999999999,0.07108745702339218,0.015895638625189976
GPT-OSS 20B,0.6314675000000001,0.2001581567259935,0.04475672446903782,0.607805,0.08580223267245993,0.019185962487687384
GPT-4.1 Mini,0.7583475000000002,0.176297120222323,0.039421234505456704,0.697715,0.0697051272372262,0.01558654028827099
